branch,program,iteration,vsz_pr,rss_pr,vsz_tc,rss_ts,vsz_cg,rss_cg
none,chibicc_combined.tea,1,7128,6924,8712,9148,1608,1320
none,chibicc_combined.tea,2,7128,6984,8712,9268,1608,1320
none,chibicc_combined.tea,3,7128,6924,8712,9208,1608,1320
none,chibicc_combined.tea,4,7128,6924,8712,9148,1608,1320
none,chibicc_combined.tea,5,7128,6936,8712,9208,1608,1320
none,chibicc_combined.tea,6,7128,6984,8712,9268,1608,1320
none,chibicc_combined.tea,7,7128,6924,8712,9148,1608,1320
none,chibicc_combined.tea,8,7128,6924,8712,9088,1608,1320
none,chibicc_combined.tea,9,7128,6984,8712,9268,1608,1320
none,chibicc_combined.tea,10,7128,6924,8712,9088,1608,1320
none,chibicc_combined.tea,11,7128,6984,8712,9268,1608,1320
none,chibicc_combined.tea,12,7128,6924,8712,9208,1608,1320
none,chibicc_combined.tea,13,7128,6984,8712,9268,1608,1320
none,chibicc_combined.tea,14,7128,6984,8712,9208,1608,1320
none,chibicc_combined.tea,15,7128,6984,8712,9268,1608,1320
none,chibicc_combined.tea,16,7128,6924,8712,9164,1608,1320
none,chibicc_combined.tea,17,7128,6984,8712,9208,1608,1320
none,chibicc_combined.tea,18,7128,6924,8712,9220,1608,1320
none,chibicc_combined.tea,19,7128,6940,8712,9208,1608,1320
none,chibicc_combined.tea,20,7128,6984,8712,9268,1608,1320
none,chibicc_combined.tea,21,7128,6924,8712,9148,1608,1320
none,chibicc_combined.tea,22,7128,6984,8712,9268,1608,1320
none,chibicc_combined.tea,23,7128,6924,8712,9088,1608,1328
none,chibicc_combined.tea,24,7128,6924,8712,9164,1608,1324
none,chibicc_combined.tea,25,7128,6924,8712,9088,1608,1320
none,chibicc_combined.tea,26,7128,6924,8712,9208,1608,1328
none,chibicc_combined.tea,27,7128,6924,8712,9208,1608,1320
none,chibicc_combined.tea,28,7128,6924,8712,9220,1608,1320
none,chibicc_combined.tea,29,7128,6924,8712,9148,1608,1324
none,chibicc_combined.tea,30,7128,6864,8712,9208,1608,1320
none,chibicc_combined.tea,31,7128,6936,8712,9208,1608,1320
none,chibicc_combined.tea,32,7128,6924,8712,9208,1608,1320
none,chibicc_combined.tea,33,7128,6924,8712,9088,1608,1320
none,chibicc_combined.tea,34,7128,6924,8712,9148,1608,1320
none,chibicc_combined.tea,35,7128,6864,8712,9208,1608,1320
none,chibicc_combined.tea,36,7128,6924,8712,9148,1608,1320
none,chibicc_combined.tea,37,7128,6924,8712,9148,1608,1320
none,chibicc_combined.tea,38,7128,6924,8712,9208,1608,1320
none,chibicc_combined.tea,39,7128,6924,8712,9088,1608,1328
none,chibicc_combined.tea,40,7128,6984,8712,9208,1608,1320
none,chibicc_combined.tea,41,7128,6864,8712,9208,1608,1320
none,chibicc_combined.tea,42,7128,6924,8712,9148,1608,1320
none,chibicc_combined.tea,43,7128,6924,8712,9208,1608,1320
none,chibicc_combined.tea,44,7128,6936,8712,9148,1608,1320
none,chibicc_combined.tea,45,7128,6924,8712,9088,1608,1320
none,chibicc_combined.tea,46,7128,6924,8712,9148,1608,1324
none,chibicc_combined.tea,47,7128,6924,8712,9088,1608,1328
none,chibicc_combined.tea,48,7128,6984,8712,9268,1608,1320
none,chibicc_combined.tea,49,7128,6924,8712,9088,1608,1320
none,chibicc_combined.tea,50,7128,6924,8712,9088,1608,1320
none,chibicc_parse.tea,1,3828,3816,5148,5572,816,528
none,chibicc_parse.tea,2,3828,3756,5148,5524,816,528
none,chibicc_parse.tea,3,3828,3756,5148,5512,816,528
none,chibicc_parse.tea,4,3828,3816,5148,5512,816,528
none,chibicc_parse.tea,5,3828,3756,5148,5512,816,528
none,chibicc_parse.tea,6,3828,3756,5148,5512,816,528
none,chibicc_parse.tea,7,3828,3756,5148,5468,816,528
none,chibicc_parse.tea,8,3828,3756,5148,5452,816,528
none,chibicc_parse.tea,9,3828,3756,5148,5524,816,528
none,chibicc_parse.tea,10,3828,3756,5148,5452,816,528
none,chibicc_parse.tea,11,3828,3772,5148,5524,816,528
none,chibicc_parse.tea,12,3828,3756,5148,5452,816,536
none,chibicc_parse.tea,13,3828,3756,5148,5468,816,528
none,chibicc_parse.tea,14,3828,3756,5148,5512,816,532
none,chibicc_parse.tea,15,3828,3756,5148,5452,816,528
none,chibicc_parse.tea,16,3828,3756,5148,5452,816,528
none,chibicc_parse.tea,17,3828,3756,5148,5452,816,528
none,chibicc_parse.tea,18,3828,3756,5148,5452,816,528
none,chibicc_parse.tea,19,3828,3772,5148,5512,816,528
none,chibicc_parse.tea,20,3828,3756,5148,5512,816,528
none,chibicc_parse.tea,21,3828,3756,5148,5452,816,528
none,chibicc_parse.tea,22,3828,3696,5148,5512,816,528
none,chibicc_parse.tea,23,3828,3756,5148,5452,816,536
none,chibicc_parse.tea,24,3828,3756,5148,5512,816,528
none,chibicc_parse.tea,25,3828,3756,5148,5392,816,528
none,chibicc_parse.tea,26,3828,3756,5148,5512,816,528
none,chibicc_parse.tea,27,3828,3756,5148,5452,816,528
none,chibicc_parse.tea,28,3828,3756,5148,5452,816,528
none,chibicc_parse.tea,29,3828,3768,5148,5392,816,528
none,chibicc_parse.tea,30,3828,3756,5148,5452,816,528
none,chibicc_parse.tea,31,3828,3756,5148,5392,816,528
none,chibicc_parse.tea,32,3828,3772,5148,5452,816,528
none,chibicc_parse.tea,33,3828,3756,5148,5392,816,528
none,chibicc_parse.tea,34,3828,3756,5148,5452,816,528
none,chibicc_parse.tea,35,3828,3756,5148,5468,816,532
none,chibicc_parse.tea,36,3828,3816,5148,5512,816,528
none,chibicc_parse.tea,37,3828,3816,5148,5572,816,528
none,chibicc_parse.tea,38,3828,3816,5148,5572,816,528
none,chibicc_parse.tea,39,3828,3828,5148,5572,816,528
none,chibicc_parse.tea,40,3828,3756,5148,5512,816,528
none,chibicc_parse.tea,41,3828,3772,5148,5512,816,528
none,chibicc_parse.tea,42,3828,3756,5148,5468,816,528
none,chibicc_parse.tea,43,3828,3816,5148,5572,816,528
none,chibicc_parse.tea,44,3828,3756,5148,5512,816,528
none,chibicc_parse.tea,45,3828,3756,5148,5512,816,528
none,chibicc_parse.tea,46,3828,3756,5148,5512,816,528
none,chibicc_parse.tea,47,3828,3772,5148,5392,816,528
none,chibicc_parse.tea,48,3828,3696,5148,5512,816,528
none,chibicc_parse.tea,49,3828,3756,5148,5512,816,528
none,chibicc_parse.tea,50,3828,3756,5148,5512,816,528
none,gzip.tea,1,4892,4812,928,1228,888,792
none,gzip.tea,2,4892,4812,928,1168,888,792
none,gzip.tea,3,4892,4872,928,1288,888,792
none,gzip.tea,4,4892,4872,928,1348,888,792
none,gzip.tea,5,4892,4872,928,1288,888,792
none,gzip.tea,6,4892,4812,928,1288,888,792
none,gzip.tea,7,4892,4884,928,1348,888,792
none,gzip.tea,8,4892,4812,928,1228,888,792
none,gzip.tea,9,4892,4872,928,1288,888,792
none,gzip.tea,10,4892,4752,928,1288,888,792
none,gzip.tea,11,4892,4752,928,1288,888,792
none,gzip.tea,12,4892,4824,928,1288,888,792
none,gzip.tea,13,4892,4872,928,1348,888,792
none,gzip.tea,14,4892,4872,928,1348,888,792
none,gzip.tea,15,4892,4812,928,1168,888,792
none,gzip.tea,16,4892,4872,928,1348,888,792
none,gzip.tea,17,4892,4812,928,1244,888,792
none,gzip.tea,18,4892,4812,928,1168,888,792
none,gzip.tea,19,4892,4872,928,1348,888,792
none,gzip.tea,20,4892,4812,928,1168,888,792
none,gzip.tea,21,4892,4812,928,1228,888,792
none,gzip.tea,22,4892,4872,928,1348,888,792
none,gzip.tea,23,4892,4812,928,1228,888,792
none,gzip.tea,24,4892,4812,928,1288,888,792
none,gzip.tea,25,4892,4752,928,1288,888,792
none,gzip.tea,26,4892,4752,928,1288,888,792
none,gzip.tea,27,4892,4812,928,1228,888,792
none,gzip.tea,28,4892,4812,928,1168,888,792
none,gzip.tea,29,4892,4812,928,1288,888,792
none,gzip.tea,30,4892,4888,928,1348,888,792
none,gzip.tea,31,4892,4752,928,1288,888,792
none,gzip.tea,32,4892,4812,928,1288,888,792
none,gzip.tea,33,4892,4812,928,1168,888,792
none,gzip.tea,34,4892,4812,928,1288,888,792
none,gzip.tea,35,4892,4812,928,1228,888,792
none,gzip.tea,36,4892,4812,928,1244,888,792
none,gzip.tea,37,4892,4812,928,1168,888,792
none,gzip.tea,38,4892,4872,928,1348,888,792
none,gzip.tea,39,4892,4812,928,1288,888,792
none,gzip.tea,40,4892,4812,928,1244,888,800
none,gzip.tea,41,4892,4872,928,1348,888,792
none,gzip.tea,42,4892,4752,928,1288,888,792
none,gzip.tea,43,4892,4812,928,1288,888,792
none,gzip.tea,44,4892,4752,928,1288,888,792
none,gzip.tea,45,4892,4812,928,1300,888,792
none,gzip.tea,46,4892,4812,928,1288,888,800
none,gzip.tea,47,4892,4812,928,1288,888,792
none,gzip.tea,48,4892,4812,928,1228,888,792
none,gzip.tea,49,4892,4812,928,1228,888,792
none,gzip.tea,50,4892,4872,928,1288,888,792
none,zlib.tea,1,7524,7716,13820,13840,1500,1324
none,zlib.tea,2,7524,7716,13820,13960,1500,1324
none,zlib.tea,3,7524,7716,13820,13960,1500,1320
none,zlib.tea,4,7524,7716,13820,13900,1500,1320
none,zlib.tea,5,7524,7716,13820,13900,1500,1320
none,zlib.tea,6,7524,7732,13820,13972,1500,1320
none,zlib.tea,7,7524,7776,13820,14020,1500,1320
none,zlib.tea,8,7524,7716,13820,13960,1500,1320
none,zlib.tea,9,7524,7716,13820,13960,1500,1320
none,zlib.tea,10,7524,7716,13820,13900,1500,1328
none,zlib.tea,11,7524,7716,13820,13900,1500,1320
none,zlib.tea,12,7524,7776,13820,14020,1500,1320
none,zlib.tea,13,7524,7776,13820,14020,1500,1320
none,zlib.tea,14,7524,7716,13820,13960,1500,1320
none,zlib.tea,15,7524,7716,13820,13900,1500,1320
none,zlib.tea,16,7524,7716,13820,13916,1500,1320
none,zlib.tea,17,7524,7716,13820,13960,1500,1320
none,zlib.tea,18,7524,7716,13820,13960,1500,1320
none,zlib.tea,19,7524,7716,13820,13900,1500,1320
none,zlib.tea,20,7524,7716,13820,13840,1500,1320
none,zlib.tea,21,7524,7776,13820,14020,1500,1320
none,zlib.tea,22,7524,7792,13820,14020,1500,1320
none,zlib.tea,23,7524,7732,13820,13960,1500,1320
none,zlib.tea,24,7524,7716,13820,13840,1500,1320
none,zlib.tea,25,7524,7732,13820,13900,1500,1320
none,zlib.tea,26,7524,7716,13820,13960,1500,1320
none,zlib.tea,27,7524,7716,13820,13916,1500,1320
none,zlib.tea,28,7524,7716,13820,13900,1500,1320
none,zlib.tea,29,7524,7728,13820,13900,1500,1320
none,zlib.tea,30,7524,7716,13820,13972,1500,1320
none,zlib.tea,31,7524,7716,13820,13840,1500,1320
none,zlib.tea,32,7524,7716,13820,13960,1500,1320
none,zlib.tea,33,7524,7776,13820,14020,1500,1320
none,zlib.tea,34,7524,7716,13820,13960,1500,1320
none,zlib.tea,35,7524,7716,13820,13900,1500,1324
none,zlib.tea,36,7524,7716,13820,13960,1500,1320
none,zlib.tea,37,7524,7716,13820,13840,1500,1320
none,zlib.tea,38,7524,7716,13820,13960,1500,1320
none,zlib.tea,39,7524,7716,13820,13900,1500,1320
none,zlib.tea,40,7524,7716,13820,13972,1500,1320
none,zlib.tea,41,7524,7716,13820,13900,1500,1328
none,zlib.tea,42,7524,7716,13820,13840,1500,1320
none,zlib.tea,43,7524,7776,13820,13960,1500,1320
none,zlib.tea,44,7524,7716,13820,13960,1500,1320
none,zlib.tea,45,7524,7716,13820,13960,1500,1320
none,zlib.tea,46,7524,7716,13820,13916,1500,1320
none,zlib.tea,47,7524,7716,13820,13960,1500,1320
none,zlib.tea,48,7524,7716,13820,13900,1500,1320
none,zlib.tea,49,7524,7792,13820,14020,1500,1320
none,zlib.tea,50,7524,7716,13820,13960,1500,1320
compact-token,chibicc_combined.tea,1,6204,6132,8712,8884,1608,1320
compact-token,chibicc_combined.tea,2,6204,6132,8712,8884,1608,1320
compact-token,chibicc_combined.tea,3,6204,6192,8712,9004,1608,1320
compact-token,chibicc_combined.tea,4,6204,6132,8712,8824,1608,1320
compact-token,chibicc_combined.tea,5,6204,6072,8712,8944,1608,1328
compact-token,chibicc_combined.tea,6,6204,6192,8712,9004,1608,1320
compact-token,chibicc_combined.tea,7,6204,6072,8712,8944,1608,1324
compact-token,chibicc_combined.tea,8,6204,6132,8712,8944,1608,1320
compact-token,chibicc_combined.tea,9,6204,6132,8712,8956,1608,1320
compact-token,chibicc_combined.tea,10,6204,6132,8712,8824,1608,1320
compact-token,chibicc_combined.tea,11,6204,6072,8712,8944,1608,1320
compact-token,chibicc_combined.tea,12,6204,6132,8712,8884,1608,1320
compact-token,chibicc_combined.tea,13,6204,6132,8712,8900,1608,1320
compact-token,chibicc_combined.tea,14,6204,6132,8712,8884,1608,1332
compact-token,chibicc_combined.tea,15,6204,6192,8712,9004,1608,1320
compact-token,chibicc_combined.tea,16,6204,6132,8712,8944,1608,1320
compact-token,chibicc_combined.tea,17,6204,6132,8712,8884,1608,1324
compact-token,chibicc_combined.tea,18,6204,6132,8712,8944,1608,1320
compact-token,chibicc_combined.tea,19,6204,6132,8712,8884,1608,1320
compact-token,chibicc_combined.tea,20,6204,6132,8712,8900,1608,1320
compact-token,chibicc_combined.tea,21,6204,6132,8712,8884,1608,1332
compact-token,chibicc_combined.tea,22,6204,6132,8712,8944,1608,1320
compact-token,chibicc_combined.tea,23,6204,6132,8712,8884,1608,1320
compact-token,chibicc_combined.tea,24,6204,6132,8712,8956,1608,1332
compact-token,chibicc_combined.tea,25,6204,6192,8712,9004,1608,1320
compact-token,chibicc_combined.tea,26,6204,6132,8712,8884,1608,1320
compact-token,chibicc_combined.tea,27,6204,6132,8712,8884,1608,1320
compact-token,chibicc_combined.tea,28,6204,6132,8712,8824,1608,1320
compact-token,chibicc_combined.tea,29,6204,6072,8712,8944,1608,1320
compact-token,chibicc_combined.tea,30,6204,6132,8712,8884,1608,1320
compact-token,chibicc_combined.tea,31,6204,6132,8712,8944,1608,1320
compact-token,chibicc_combined.tea,32,6204,6192,8712,8944,1608,1328
compact-token,chibicc_combined.tea,33,6204,6132,8712,8824,1608,1320
compact-token,chibicc_combined.tea,34,6204,6132,8712,8884,1608,1320
compact-token,chibicc_combined.tea,35,6204,6132,8712,8884,1608,1320
compact-token,chibicc_combined.tea,36,6204,6132,8712,8884,1608,1320
compact-token,chibicc_combined.tea,37,6204,6132,8712,8944,1608,1320
compact-token,chibicc_combined.tea,38,6204,6132,8712,8944,1608,1320
compact-token,chibicc_combined.tea,39,6204,6132,8712,8944,1608,1320
compact-token,chibicc_combined.tea,40,6204,6132,8712,8956,1608,1320
compact-token,chibicc_combined.tea,41,6204,6132,8712,8944,1608,1320
compact-token,chibicc_combined.tea,42,6204,6132,8712,8884,1608,1320
compact-token,chibicc_combined.tea,43,6204,6132,8712,8824,1608,1320
compact-token,chibicc_combined.tea,44,6204,6132,8712,8884,1608,1320
compact-token,chibicc_combined.tea,45,6204,6192,8712,9004,1608,1320
compact-token,chibicc_combined.tea,46,6204,6132,8712,8956,1608,1324
compact-token,chibicc_combined.tea,47,6204,6132,8712,8884,1608,1320
compact-token,chibicc_combined.tea,48,6204,6132,8712,8884,1608,1320
compact-token,chibicc_combined.tea,49,6204,6132,8712,8900,1608,1320
compact-token,chibicc_combined.tea,50,6204,6192,8712,8944,1608,1320
compact-token,chibicc_parse.tea,1,3432,3228,5148,5392,736,528
compact-token,chibicc_parse.tea,2,3432,3228,5148,5524,736,528
compact-token,chibicc_parse.tea,3,3432,3288,5148,5572,736,528
compact-token,chibicc_parse.tea,4,3432,3228,5148,5512,736,528
compact-token,chibicc_parse.tea,5,3432,3228,5148,5512,736,532
compact-token,chibicc_parse.tea,6,3432,3168,5148,5512,736,528
compact-token,chibicc_parse.tea,7,3432,3228,5148,5512,736,528
compact-token,chibicc_parse.tea,8,3432,3228,5148,5512,736,528
compact-token,chibicc_parse.tea,9,3432,3228,5148,5392,736,528
compact-token,chibicc_parse.tea,10,3432,3228,5148,5512,736,528
compact-token,chibicc_parse.tea,11,3432,3228,5148,5452,736,528
compact-token,chibicc_parse.tea,12,3432,3228,5148,5452,736,528
compact-token,chibicc_parse.tea,13,3432,3228,5148,5452,736,532
compact-token,chibicc_parse.tea,14,3432,3228,5148,5452,736,532
compact-token,chibicc_parse.tea,15,3432,3228,5148,5452,736,528
compact-token,chibicc_parse.tea,16,3432,3288,5148,5572,736,528
compact-token,chibicc_parse.tea,17,3432,3228,5148,5452,736,536
compact-token,chibicc_parse.tea,18,3432,3228,5148,5512,736,528
compact-token,chibicc_parse.tea,19,3432,3168,5148,5512,736,528
compact-token,chibicc_parse.tea,20,3432,3228,5148,5392,736,528
compact-token,chibicc_parse.tea,21,3432,3228,5148,5392,736,528
compact-token,chibicc_parse.tea,22,3432,3228,5148,5512,736,528
compact-token,chibicc_parse.tea,23,3432,3228,5148,5512,736,532
compact-token,chibicc_parse.tea,24,3432,3228,5148,5452,736,528
compact-token,chibicc_parse.tea,25,3432,3228,5148,5392,736,528
compact-token,chibicc_parse.tea,26,3432,3228,5148,5392,736,536
compact-token,chibicc_parse.tea,27,3432,3228,5148,5468,736,528
compact-token,chibicc_parse.tea,28,3432,3228,5148,5452,736,528
compact-token,chibicc_parse.tea,29,3432,3228,5148,5468,736,528
compact-token,chibicc_parse.tea,30,3432,3228,5148,5452,736,528
compact-token,chibicc_parse.tea,31,3432,3228,5148,5392,736,528
compact-token,chibicc_parse.tea,32,3432,3228,5148,5452,736,528
compact-token,chibicc_parse.tea,33,3432,3168,5148,5512,736,528
compact-token,chibicc_parse.tea,34,3432,3228,5148,5512,736,528
compact-token,chibicc_parse.tea,35,3432,3228,5148,5392,736,528
compact-token,chibicc_parse.tea,36,3432,3288,5148,5512,736,528
compact-token,chibicc_parse.tea,37,3432,3288,5148,5512,736,528
compact-token,chibicc_parse.tea,38,3432,3168,5148,5512,736,540
compact-token,chibicc_parse.tea,39,3432,3228,5148,5512,736,528
compact-token,chibicc_parse.tea,40,3432,3168,5148,5512,736,528
compact-token,chibicc_parse.tea,41,3432,3228,5148,5392,736,540
compact-token,chibicc_parse.tea,42,3432,3228,5148,5512,736,528
compact-token,chibicc_parse.tea,43,3432,3228,5148,5524,736,528
compact-token,chibicc_parse.tea,44,3432,3228,5148,5452,736,528
compact-token,chibicc_parse.tea,45,3432,3228,5148,5392,736,528
compact-token,chibicc_parse.tea,46,3432,3228,5148,5452,736,528
compact-token,chibicc_parse.tea,47,3432,3288,5148,5572,736,528
compact-token,chibicc_parse.tea,48,3432,3228,5148,5452,736,528
compact-token,chibicc_parse.tea,49,3432,3228,5148,5452,736,528
compact-token,chibicc_parse.tea,50,3432,3228,5148,5468,736,528
compact-token,gzip.tea,1,4092,4020,1056,1168,864,800
compact-token,gzip.tea,2,4092,4020,1056,1288,864,792
compact-token,gzip.tea,3,4092,4020,1056,1288,864,792
compact-token,gzip.tea,4,4092,4080,1056,1288,864,792
compact-token,gzip.tea,5,4092,4020,1056,1228,864,792
compact-token,gzip.tea,6,4092,4020,1056,1288,864,792
compact-token,gzip.tea,7,4092,4080,1056,1348,864,792
compact-token,gzip.tea,8,4092,4020,1056,1288,864,792
compact-token,gzip.tea,9,4092,4020,1056,1288,864,792
compact-token,gzip.tea,10,4092,4080,1056,1348,864,792
compact-token,gzip.tea,11,4092,4020,1056,1300,864,800
compact-token,gzip.tea,12,4092,4080,1056,1348,864,792
compact-token,gzip.tea,13,4092,4020,1056,1288,864,792
compact-token,gzip.tea,14,4092,4020,1056,1244,864,792
compact-token,gzip.tea,15,4092,4020,1056,1168,864,792
compact-token,gzip.tea,16,4092,4020,1056,1244,864,804
compact-token,gzip.tea,17,4092,4020,1056,1288,864,796
compact-token,gzip.tea,18,4092,4020,1056,1288,864,792
compact-token,gzip.tea,19,4092,4020,1056,1228,864,792
compact-token,gzip.tea,20,4092,4020,1056,1288,864,792
compact-token,gzip.tea,21,4092,4020,1056,1288,864,792
compact-token,gzip.tea,22,4092,4020,1056,1228,864,804
compact-token,gzip.tea,23,4092,4020,1056,1168,864,792
compact-token,gzip.tea,24,4092,4080,1056,1348,864,792
compact-token,gzip.tea,25,4092,4020,1056,1288,864,792
compact-token,gzip.tea,26,4092,4080,1056,1288,864,792
compact-token,gzip.tea,27,4092,4020,1056,1228,864,792
compact-token,gzip.tea,28,4092,4020,1056,1168,864,792
compact-token,gzip.tea,29,4092,4080,1056,1348,864,800
compact-token,gzip.tea,30,4092,4020,1056,1168,864,804
compact-token,gzip.tea,31,4092,4080,1056,1288,864,792
compact-token,gzip.tea,32,4092,4080,1056,1348,864,792
compact-token,gzip.tea,33,4092,4020,1056,1228,864,796
compact-token,gzip.tea,34,4092,3960,1056,1288,864,792
compact-token,gzip.tea,35,4092,4020,1056,1288,864,792
compact-token,gzip.tea,36,4092,4080,1056,1348,864,792
compact-token,gzip.tea,37,4092,4080,1056,1288,864,792
compact-token,gzip.tea,38,4092,4080,1056,1288,864,792
compact-token,gzip.tea,39,4092,4080,1056,1348,864,792
compact-token,gzip.tea,40,4092,4080,1056,1348,864,796
compact-token,gzip.tea,41,4092,4020,1056,1228,864,792
compact-token,gzip.tea,42,4092,4080,1056,1348,864,804
compact-token,gzip.tea,43,4092,3960,1056,1288,864,800
compact-token,gzip.tea,44,4092,4080,1056,1348,864,792
compact-token,gzip.tea,45,4092,4020,1056,1244,864,792
compact-token,gzip.tea,46,4092,4020,1056,1244,864,800
compact-token,gzip.tea,47,4092,4080,1056,1288,864,792
compact-token,gzip.tea,48,4092,4020,1056,1288,864,792
compact-token,gzip.tea,49,4092,4020,1056,1288,864,792
compact-token,gzip.tea,50,4092,4080,1056,1348,864,792
compact-token,zlib.tea,1,6468,6660,13712,13840,1576,1320
compact-token,zlib.tea,2,6468,6660,13712,13900,1576,1320
compact-token,zlib.tea,3,6468,6660,13712,13972,1576,1320
compact-token,zlib.tea,4,6468,6660,13712,13900,1576,1328
compact-token,zlib.tea,5,6468,6660,13712,13960,1576,1320
compact-token,zlib.tea,6,6468,6720,13712,13960,1576,1328
compact-token,zlib.tea,7,6468,6720,13712,13960,1576,1328
compact-token,zlib.tea,8,6468,6600,13712,13960,1576,1320
compact-token,zlib.tea,9,6468,6660,13712,13840,1576,1320
compact-token,zlib.tea,10,6468,6660,13712,13900,1576,1320
compact-token,zlib.tea,11,6468,6660,13712,13960,1576,1320
compact-token,zlib.tea,12,6468,6660,13712,13960,1576,1320
compact-token,zlib.tea,13,6468,6660,13712,13960,1576,1320
compact-token,zlib.tea,14,6468,6660,13712,13960,1576,1320
compact-token,zlib.tea,15,6468,6660,13712,13960,1576,1320
compact-token,zlib.tea,16,6468,6660,13712,13960,1576,1332
compact-token,zlib.tea,17,6468,6600,13712,13960,1576,1320
compact-token,zlib.tea,18,6468,6660,13712,13900,1576,1320
compact-token,zlib.tea,19,6468,6660,13712,13960,1576,1320
compact-token,zlib.tea,20,6468,6660,13712,13916,1576,1320
compact-token,zlib.tea,21,6468,6660,13712,13972,1576,1320
compact-token,zlib.tea,22,6468,6660,13712,13960,1576,1320
compact-token,zlib.tea,23,6468,6660,13712,13900,1576,1320
compact-token,zlib.tea,24,6468,6720,13712,14020,1576,1320
compact-token,zlib.tea,25,6468,6660,13712,13840,1576,1320
compact-token,zlib.tea,26,6468,6660,13712,13840,1576,1320
compact-token,zlib.tea,27,6468,6660,13712,13900,1576,1320
compact-token,zlib.tea,28,6468,6660,13712,13916,1576,1332
compact-token,zlib.tea,29,6468,6660,13712,13900,1576,1320
compact-token,zlib.tea,30,6468,6660,13712,13900,1576,1320
compact-token,zlib.tea,31,6468,6660,13712,13960,1576,1320
compact-token,zlib.tea,32,6468,6660,13712,13972,1576,1320
compact-token,zlib.tea,33,6468,6720,13712,13960,1576,1320
compact-token,zlib.tea,34,6468,6660,13712,13840,1576,1320
compact-token,zlib.tea,35,6468,6660,13712,13900,1576,1320
compact-token,zlib.tea,36,6468,6660,13712,13900,1576,1320
compact-token,zlib.tea,37,6468,6660,13712,13900,1576,1332
compact-token,zlib.tea,38,6468,6660,13712,13960,1576,1320
compact-token,zlib.tea,39,6468,6660,13712,13960,1576,1320
compact-token,zlib.tea,40,6468,6720,13712,14020,1576,1320
compact-token,zlib.tea,41,6468,6660,13712,13960,1576,1320
compact-token,zlib.tea,42,6468,6720,13712,14020,1576,1328
compact-token,zlib.tea,43,6468,6660,13712,13960,1576,1320
compact-token,zlib.tea,44,6468,6660,13712,13960,1576,1320
compact-token,zlib.tea,45,6468,6660,13712,13900,1576,1324
compact-token,zlib.tea,46,6468,6720,13712,13960,1576,1320
compact-token,zlib.tea,47,6468,6660,13712,13900,1576,1320
compact-token,zlib.tea,48,6468,6600,13712,13960,1576,1320
compact-token,zlib.tea,49,6468,6660,13712,13960,1576,1324
compact-token,zlib.tea,50,6468,6660,13712,13916,1576,1320
class-ids,chibicc_combined.tea,1,5148,5076,7660,7888,1504,1320
class-ids,chibicc_combined.tea,2,5148,5076,7660,7888,1504,1320
class-ids,chibicc_combined.tea,3,5148,5076,7660,7900,1504,1320
class-ids,chibicc_combined.tea,4,5148,5076,7660,7844,1504,1320
class-ids,chibicc_combined.tea,5,5148,5016,7660,7888,1504,1320
class-ids,chibicc_combined.tea,6,5148,5136,7660,7888,1504,1320
class-ids,chibicc_combined.tea,7,5148,5076,7660,7844,1504,1320
class-ids,chibicc_combined.tea,8,5148,5076,7660,7888,1504,1320
class-ids,chibicc_combined.tea,9,5148,5076,7660,7828,1504,1320
class-ids,chibicc_combined.tea,10,5148,5076,7660,7844,1504,1320
class-ids,chibicc_combined.tea,11,5148,5076,7660,7888,1504,1320
class-ids,chibicc_combined.tea,12,5148,5076,7660,7768,1504,1320
class-ids,chibicc_combined.tea,13,5148,5016,7660,7888,1504,1320
class-ids,chibicc_combined.tea,14,5148,5076,7660,7888,1504,1320
class-ids,chibicc_combined.tea,15,5148,5076,7660,7828,1504,1320
class-ids,chibicc_combined.tea,16,5148,5136,7660,7948,1504,1320
class-ids,chibicc_combined.tea,17,5148,5076,7660,7828,1504,1320
class-ids,chibicc_combined.tea,18,5148,5136,7660,7948,1504,1320
class-ids,chibicc_combined.tea,19,5148,5076,7660,7828,1504,1320
class-ids,chibicc_combined.tea,20,5148,5076,7660,7888,1504,1320
class-ids,chibicc_combined.tea,21,5148,5076,7660,7888,1504,1320
class-ids,chibicc_combined.tea,22,5148,5076,7660,7768,1504,1320
class-ids,chibicc_combined.tea,23,5148,5076,7660,7828,1504,1320
class-ids,chibicc_combined.tea,24,5148,5076,7660,7768,1504,1320
class-ids,chibicc_combined.tea,25,5148,5076,7660,7828,1504,1320
class-ids,chibicc_combined.tea,26,5148,5076,7660,7768,1504,1320
class-ids,chibicc_combined.tea,27,5148,5076,7660,7828,1504,1320
class-ids,chibicc_combined.tea,28,5148,5076,7660,7888,1504,1320
class-ids,chibicc_combined.tea,29,5148,5076,7660,7888,1504,1320
class-ids,chibicc_combined.tea,30,5148,5016,0,0,1504,1320
class-ids,chibicc_combined.tea,31,5148,5076,7660,7828,1504,1328
class-ids,chibicc_combined.tea,32,5148,5076,7660,7828,1504,1320
class-ids,chibicc_combined.tea,33,5148,5076,7660,7828,1504,1320
class-ids,chibicc_combined.tea,34,5148,5136,7660,7948,1504,1320
class-ids,chibicc_combined.tea,35,5148,5076,7660,7828,1504,1320
class-ids,chibicc_combined.tea,36,5148,5136,7660,7888,1504,1320
class-ids,chibicc_combined.tea,37,5148,5016,7660,7888,1504,1320
class-ids,chibicc_combined.tea,38,5148,5076,7660,7844,1504,1320
class-ids,chibicc_combined.tea,39,5148,5076,7660,7888,1504,1320
class-ids,chibicc_combined.tea,40,5148,5016,7660,7888,1504,1320
class-ids,chibicc_combined.tea,41,5148,5076,7660,7888,1504,1320
class-ids,chibicc_combined.tea,42,5148,5076,7660,7888,1504,1320
class-ids,chibicc_combined.tea,43,5148,5076,7660,7828,1504,1320
class-ids,chibicc_combined.tea,44,5148,5076,7660,7888,1504,1320
class-ids,chibicc_combined.tea,45,5148,5076,7660,7888,1504,1320
class-ids,chibicc_combined.tea,46,5148,5016,7660,7888,1504,1328
class-ids,chibicc_combined.tea,47,5148,5016,7660,7888,1504,1320
class-ids,chibicc_combined.tea,48,5148,5076,7660,7888,1504,1320
class-ids,chibicc_combined.tea,49,5148,5076,7660,7900,1504,1320
class-ids,chibicc_combined.tea,50,5148,5076,7660,7888,1504,1328
class-ids,chibicc_parse.tea,1,2904,2700,4496,4660,744,792
class-ids,chibicc_parse.tea,2,2904,2700,4496,4660,744,792
class-ids,chibicc_parse.tea,3,2904,2700,4496,4720,744,792
class-ids,chibicc_parse.tea,4,2904,2760,4496,4780,744,792
class-ids,chibicc_parse.tea,5,2904,2700,4496,4660,744,792
class-ids,chibicc_parse.tea,6,2904,2700,4496,4660,744,792
class-ids,chibicc_parse.tea,7,2904,2700,4496,4720,744,792
class-ids,chibicc_parse.tea,8,2904,2700,4496,4660,744,792
class-ids,chibicc_parse.tea,9,2904,2760,4496,4780,744,792
class-ids,chibicc_parse.tea,10,2904,2700,4496,4676,744,792
class-ids,chibicc_parse.tea,11,2904,2700,4496,4720,744,792
class-ids,chibicc_parse.tea,12,2904,2700,4496,4732,744,792
class-ids,chibicc_parse.tea,13,2904,2700,4496,4660,744,800
class-ids,chibicc_parse.tea,14,2904,2760,4496,4780,744,792
class-ids,chibicc_parse.tea,15,2904,2700,4496,4660,744,792
class-ids,chibicc_parse.tea,16,2904,2700,4496,4676,744,792
class-ids,chibicc_parse.tea,17,2904,2700,4496,4600,744,800
class-ids,chibicc_parse.tea,18,2904,2640,4496,4720,744,792
class-ids,chibicc_parse.tea,19,2904,2700,4496,4676,744,792
class-ids,chibicc_parse.tea,20,2904,2640,4496,4720,744,792
class-ids,chibicc_parse.tea,21,2904,2700,4496,4660,744,792
class-ids,chibicc_parse.tea,22,2904,2760,4496,4720,744,792
class-ids,chibicc_parse.tea,23,2904,2700,4496,4660,744,792
class-ids,chibicc_parse.tea,24,2904,2700,4496,4720,744,792
class-ids,chibicc_parse.tea,25,2904,2700,4496,4720,744,792
class-ids,chibicc_parse.tea,26,2904,2760,4496,4780,744,792
class-ids,chibicc_parse.tea,27,2904,2700,4496,4660,744,792
class-ids,chibicc_parse.tea,28,2904,2760,4496,4780,744,792
class-ids,chibicc_parse.tea,29,2904,2760,4496,4720,744,792
class-ids,chibicc_parse.tea,30,2904,2700,4496,4660,744,792
class-ids,chibicc_parse.tea,31,2904,2700,4496,4720,744,792
class-ids,chibicc_parse.tea,32,2904,2700,4496,4720,744,792
class-ids,chibicc_parse.tea,33,2904,2760,4496,4720,744,792
class-ids,chibicc_parse.tea,34,2904,2760,4496,4720,744,792
class-ids,chibicc_parse.tea,35,2904,2700,4496,4660,744,792
class-ids,chibicc_parse.tea,36,2904,2700,4496,4720,744,792
class-ids,chibicc_parse.tea,37,2904,2700,4496,4660,744,792
class-ids,chibicc_parse.tea,38,2904,2700,4496,4732,744,792
class-ids,chibicc_parse.tea,39,2904,2760,4496,4660,744,792
class-ids,chibicc_parse.tea,40,2904,2700,4496,4720,744,792
class-ids,chibicc_parse.tea,41,2904,2700,4496,4720,744,792
class-ids,chibicc_parse.tea,42,2904,2700,4496,4600,744,792
class-ids,chibicc_parse.tea,43,2904,2700,4496,4720,744,800
class-ids,chibicc_parse.tea,44,2904,2700,4496,4720,744,792
class-ids,chibicc_parse.tea,45,2904,2760,4496,4780,744,792
class-ids,chibicc_parse.tea,46,2904,2640,4496,4720,744,792
class-ids,chibicc_parse.tea,47,2904,2700,4496,4732,744,792
class-ids,chibicc_parse.tea,48,2904,2760,4496,4720,744,792
class-ids,chibicc_parse.tea,49,2904,2700,4496,4676,744,800
class-ids,chibicc_parse.tea,50,2904,2760,4496,4780,744,792
class-ids,gzip.tea,1,3432,3492,1188,1288,876,792
class-ids,gzip.tea,2,3432,3492,1188,1288,876,792
class-ids,gzip.tea,3,3432,3492,1188,1228,876,800
class-ids,gzip.tea,4,3432,3492,1188,1300,876,792
class-ids,gzip.tea,5,3432,3492,1188,1300,876,800
class-ids,gzip.tea,6,3432,3492,1188,1168,876,792
class-ids,gzip.tea,7,3432,3492,1188,1228,876,792
class-ids,gzip.tea,8,3432,3492,1188,1228,876,792
class-ids,gzip.tea,9,3432,3432,1188,1288,876,792
class-ids,gzip.tea,10,3432,3552,1188,1348,876,792
class-ids,gzip.tea,11,3432,3492,1188,1244,876,792
class-ids,gzip.tea,12,3432,3492,1188,1288,876,792
class-ids,gzip.tea,13,3432,3492,1188,1288,876,792
class-ids,gzip.tea,14,3432,3432,1188,1288,876,792
class-ids,gzip.tea,15,3432,3492,1188,1288,876,792
class-ids,gzip.tea,16,3432,3432,1188,1288,876,792
class-ids,gzip.tea,17,3432,3492,1188,1168,876,792
class-ids,gzip.tea,18,3432,3492,1188,1168,876,792
class-ids,gzip.tea,19,3432,3492,1188,1228,876,792
class-ids,gzip.tea,20,3432,3492,1188,1168,876,792
class-ids,gzip.tea,21,3432,3492,1188,1244,876,792
class-ids,gzip.tea,22,3432,3492,1188,1228,876,792
class-ids,gzip.tea,23,3432,3492,1188,1244,876,792
class-ids,gzip.tea,24,3432,3492,1188,1288,876,800
class-ids,gzip.tea,25,3432,3552,1188,1288,876,792
class-ids,gzip.tea,26,3432,3492,1188,1244,876,792
class-ids,gzip.tea,27,3432,3492,1188,1228,876,792
class-ids,gzip.tea,28,3432,3552,1188,1288,876,792
class-ids,gzip.tea,29,3432,3552,1188,1348,876,792
class-ids,gzip.tea,30,3432,3432,1188,1288,876,792
class-ids,gzip.tea,31,3432,3492,1188,1288,876,792
class-ids,gzip.tea,32,3432,3492,1188,1228,876,792
class-ids,gzip.tea,33,3432,3492,1188,1228,876,792
class-ids,gzip.tea,34,3432,3492,1188,1228,876,792
class-ids,gzip.tea,35,3432,3492,1188,1228,876,792
class-ids,gzip.tea,36,3432,3492,1188,1228,876,792
class-ids,gzip.tea,37,3432,3492,1188,1288,876,792
class-ids,gzip.tea,38,3432,3492,1188,1288,876,792
class-ids,gzip.tea,39,3432,3552,1188,1288,876,792
class-ids,gzip.tea,40,3432,3492,1188,1288,876,792
class-ids,gzip.tea,41,3432,3492,1188,1228,876,792
class-ids,gzip.tea,42,3432,3492,1188,1228,876,792
class-ids,gzip.tea,43,3432,3492,1188,1300,876,792
class-ids,gzip.tea,44,3432,3552,1188,1348,876,792
class-ids,gzip.tea,45,3432,3492,1188,1168,876,792
class-ids,gzip.tea,46,3432,3492,1188,1228,876,792
class-ids,gzip.tea,47,3432,3492,1188,1288,876,792
class-ids,gzip.tea,48,3432,3552,1188,1348,876,792
class-ids,gzip.tea,49,3432,3492,1188,1288,876,792
class-ids,gzip.tea,50,3432,3552,1188,1288,876,792
class-ids,zlib.tea,1,5412,5340,11116,11524,1528,1320
class-ids,zlib.tea,2,5412,5340,11116,11584,1528,1320
class-ids,zlib.tea,3,5412,5400,11116,11584,1528,1328
class-ids,zlib.tea,4,5412,5340,11116,11584,1528,1320
class-ids,zlib.tea,5,5412,5340,11116,11540,1528,1320
class-ids,zlib.tea,6,5412,5340,11116,11584,1528,1320
class-ids,zlib.tea,7,5412,5340,11116,11524,1528,1320
class-ids,zlib.tea,8,5412,5340,11116,11464,1528,1320
class-ids,zlib.tea,9,5412,5340,11116,11524,1528,1320
class-ids,zlib.tea,10,5412,5400,11116,11644,1528,1320
class-ids,zlib.tea,11,5412,5340,11116,11596,1528,1320
class-ids,zlib.tea,12,5412,5340,11116,11464,1528,1320
class-ids,zlib.tea,13,5412,5340,11116,11584,1528,1320
class-ids,zlib.tea,14,5412,5340,11116,11464,1528,1320
class-ids,zlib.tea,15,5412,5340,11116,11524,1528,1320
class-ids,zlib.tea,16,5412,5340,11116,11540,1528,1320
class-ids,zlib.tea,17,5412,5340,11116,11464,1528,1320
class-ids,zlib.tea,18,5412,5340,11116,11540,1528,1320
class-ids,zlib.tea,19,5412,5400,11116,11644,1528,1320
class-ids,zlib.tea,20,5412,5340,11116,11584,1528,1328
class-ids,zlib.tea,21,5412,5340,11116,11596,1528,1320
class-ids,zlib.tea,22,5412,5340,11116,11584,1528,1320
class-ids,zlib.tea,23,5412,5340,11116,11584,1528,1320
class-ids,zlib.tea,24,5412,5340,11116,11584,1528,1320
class-ids,zlib.tea,25,5412,5340,11116,11540,1528,1320
class-ids,zlib.tea,26,5412,5340,11116,11584,1528,1320
class-ids,zlib.tea,27,5412,5340,11116,11596,1528,1320
class-ids,zlib.tea,28,5412,5340,11116,11524,1528,1320
class-ids,zlib.tea,29,5412,5340,11116,11584,1528,1328
class-ids,zlib.tea,30,5412,5340,11116,11584,1528,1320
class-ids,zlib.tea,31,5412,5340,11116,11584,1528,1320
class-ids,zlib.tea,32,5412,5340,11116,11596,1528,1320
class-ids,zlib.tea,33,5412,5340,11116,11464,1528,1320
class-ids,zlib.tea,34,5412,5340,11116,11524,1528,1320
class-ids,zlib.tea,35,5412,5340,11116,11584,1528,1328
class-ids,zlib.tea,36,5412,5340,11116,11524,1528,1320
class-ids,zlib.tea,37,5412,5340,11116,11584,1528,1320
class-ids,zlib.tea,38,5412,5340,11116,11524,1528,1320
class-ids,zlib.tea,39,5412,5340,11116,11584,1528,1320
class-ids,zlib.tea,40,5412,5340,11116,11524,1528,1320
class-ids,zlib.tea,41,5412,5340,11116,11584,1528,1320
class-ids,zlib.tea,42,5412,5340,11116,11524,1528,1320
class-ids,zlib.tea,43,5412,5340,11116,11596,1528,1320
class-ids,zlib.tea,44,5412,5340,11116,11524,1528,1320
class-ids,zlib.tea,45,5412,5340,11116,11584,1528,1320
class-ids,zlib.tea,46,5412,5340,11116,11540,1528,1320
class-ids,zlib.tea,47,5412,5400,11116,11584,1528,1320
class-ids,zlib.tea,48,5412,5340,11116,11464,1528,1320
class-ids,zlib.tea,49,5412,5340,11116,11524,1528,1320
class-ids,zlib.tea,50,5412,5340,11116,11464,1528,1320
compact-type,chibicc_combined.tea,1,3696,3612,3524,3664,1568,1336
compact-type,chibicc_combined.tea,2,3696,3552,3524,3668,1568,1320
compact-type,chibicc_combined.tea,3,3696,3432,3524,3928,1568,1320
compact-type,chibicc_combined.tea,4,3696,3612,3524,3664,1568,1336
compact-type,chibicc_combined.tea,5,3696,3552,3524,3608,1568,1320
compact-type,chibicc_combined.tea,6,3696,3492,3524,3940,1568,1320
compact-type,chibicc_combined.tea,7,3696,3552,3524,3668,1568,1320
compact-type,chibicc_combined.tea,8,3696,3492,3524,3928,1568,1320
compact-type,chibicc_combined.tea,9,3696,3492,3524,3808,1568,1320
compact-type,chibicc_combined.tea,10,3696,3552,3524,3668,1568,1320
compact-type,chibicc_combined.tea,11,3696,3492,3524,3808,1568,1320
compact-type,chibicc_combined.tea,12,3696,3492,3524,3868,1568,1328
compact-type,chibicc_combined.tea,13,3696,3492,3524,3928,1568,1320
compact-type,chibicc_combined.tea,14,3696,3492,3524,3808,1568,1320
compact-type,chibicc_combined.tea,15,3696,3552,3524,3668,1568,1320
compact-type,chibicc_combined.tea,16,3696,3492,3524,3808,1568,1320
compact-type,chibicc_combined.tea,17,3696,3492,3524,3808,1568,1332
compact-type,chibicc_combined.tea,18,3696,3492,3524,3928,1568,1320
compact-type,chibicc_combined.tea,19,3696,3492,3524,3928,1568,1320
compact-type,chibicc_combined.tea,20,3696,3552,3524,3608,1568,1336
compact-type,chibicc_combined.tea,21,3696,3552,3524,3668,1568,1320
compact-type,chibicc_combined.tea,22,3696,3552,3524,3668,1568,1320
compact-type,chibicc_combined.tea,23,3696,3492,3524,3928,1568,1320
compact-type,chibicc_combined.tea,24,3696,3492,3524,3928,1568,1320
compact-type,chibicc_combined.tea,25,3696,3492,3524,3928,1568,1320
compact-type,chibicc_combined.tea,26,3696,3612,3524,3664,1568,1336
compact-type,chibicc_combined.tea,27,3696,3552,3524,3488,1568,1336
compact-type,chibicc_combined.tea,28,3696,3492,3524,3868,1568,1320
compact-type,chibicc_combined.tea,29,3696,3492,3524,3928,1568,1320
compact-type,chibicc_combined.tea,30,3696,3492,3524,3928,1568,1320
compact-type,chibicc_combined.tea,31,3696,3612,3524,3664,1568,1336
compact-type,chibicc_combined.tea,32,3696,3552,3524,3668,1568,1320
compact-type,chibicc_combined.tea,33,3696,3432,3524,3928,1568,1320
compact-type,chibicc_combined.tea,34,3696,3492,3524,3940,1568,1332
compact-type,chibicc_combined.tea,35,3696,3552,3524,3668,1568,1320
compact-type,chibicc_combined.tea,36,3696,3492,3524,3928,1568,1320
compact-type,chibicc_combined.tea,37,3696,3552,3524,3488,1568,1336
compact-type,chibicc_combined.tea,38,3696,3492,3524,3928,1568,1320
compact-type,chibicc_combined.tea,39,3696,3492,3524,3940,1568,1320
compact-type,chibicc_combined.tea,40,3696,3432,3524,3928,1568,1328
compact-type,chibicc_combined.tea,41,3696,3492,3524,3808,1568,1320
compact-type,chibicc_combined.tea,42,3696,3492,3524,3868,1568,1320
compact-type,chibicc_combined.tea,43,3696,3552,3524,3564,1568,1336
compact-type,chibicc_combined.tea,44,3696,3432,3524,3928,1568,1320
compact-type,chibicc_combined.tea,45,3696,3492,3524,3928,1568,1320
compact-type,chibicc_combined.tea,46,3696,3492,3524,3928,1568,1320
compact-type,chibicc_combined.tea,47,3696,3552,3524,3608,1568,1320
compact-type,chibicc_combined.tea,48,3696,3492,3524,3868,1568,1320
compact-type,chibicc_combined.tea,49,3696,3492,3524,3928,1568,1320
compact-type,chibicc_combined.tea,50,3696,3492,3524,3868,1568,1320
compact-type,chibicc_parse.tea,1,2112,1908,2112,2344,736,792
compact-type,chibicc_parse.tea,2,2112,1848,2112,2344,736,792
compact-type,chibicc_parse.tea,3,2112,1968,2112,2404,736,792
compact-type,chibicc_parse.tea,4,2112,1908,2112,2224,736,792
compact-type,chibicc_parse.tea,5,2112,1908,2112,2344,736,792
compact-type,chibicc_parse.tea,6,2112,1908,2112,2300,736,792
compact-type,chibicc_parse.tea,7,2112,1908,2112,2344,736,792
compact-type,chibicc_parse.tea,8,2112,1968,2112,2344,736,808
compact-type,chibicc_parse.tea,9,2112,1908,2112,2284,736,792
compact-type,chibicc_parse.tea,10,2112,1908,2112,2356,736,792
compact-type,chibicc_parse.tea,11,2112,1908,2112,2344,736,808
compact-type,chibicc_parse.tea,12,2112,1908,2112,2344,736,792
compact-type,chibicc_parse.tea,13,2112,1968,2112,2404,736,792
compact-type,chibicc_parse.tea,14,2112,1908,2112,2344,736,792
compact-type,chibicc_parse.tea,15,2112,1908,2112,2284,736,792
compact-type,chibicc_parse.tea,16,2112,2028,2112,2404,736,808
compact-type,chibicc_parse.tea,17,2112,1908,2112,2356,736,792
compact-type,chibicc_parse.tea,18,2112,1968,2112,2404,736,792
compact-type,chibicc_parse.tea,19,2112,1968,2112,2344,736,808
compact-type,chibicc_parse.tea,20,2112,1908,2112,2284,736,792
compact-type,chibicc_parse.tea,21,2112,1908,2112,2284,736,792
compact-type,chibicc_parse.tea,22,2112,1908,2112,2224,736,792
compact-type,chibicc_parse.tea,23,2112,1908,2112,2224,736,792
compact-type,chibicc_parse.tea,24,2112,1908,2112,2284,736,792
compact-type,chibicc_parse.tea,25,2112,1908,2112,2344,736,792
compact-type,chibicc_parse.tea,26,2112,1968,2112,2404,736,792
compact-type,chibicc_parse.tea,27,2112,1968,2112,2344,736,792
compact-type,chibicc_parse.tea,28,2112,1968,2112,2404,736,792
compact-type,chibicc_parse.tea,29,2112,1908,2112,2344,736,792
compact-type,chibicc_parse.tea,30,2112,1968,2112,2404,736,792
compact-type,chibicc_parse.tea,31,2112,1968,2112,2404,736,792
compact-type,chibicc_parse.tea,32,2112,1908,2112,2284,736,792
compact-type,chibicc_parse.tea,33,2112,1908,2112,2284,736,792
compact-type,chibicc_parse.tea,34,2112,1908,2112,2344,736,792
compact-type,chibicc_parse.tea,35,2112,1908,2112,2224,736,792
compact-type,chibicc_parse.tea,36,2112,1908,2112,2284,736,792
compact-type,chibicc_parse.tea,37,2112,1908,2112,2284,736,792
compact-type,chibicc_parse.tea,38,2112,1968,2112,2404,736,792
compact-type,chibicc_parse.tea,39,2112,1908,2112,2284,736,792
compact-type,chibicc_parse.tea,40,2112,1908,2112,2344,736,792
compact-type,chibicc_parse.tea,41,2112,1908,2112,2284,736,792
compact-type,chibicc_parse.tea,42,2112,1908,2112,2284,736,792
compact-type,chibicc_parse.tea,43,2112,1908,2112,2344,736,800
compact-type,chibicc_parse.tea,44,2112,1908,2112,2284,736,792
compact-type,chibicc_parse.tea,45,2112,1908,2112,2284,736,792
compact-type,chibicc_parse.tea,46,2112,1908,2112,2300,736,804
compact-type,chibicc_parse.tea,47,2112,1968,2112,2404,736,792
compact-type,chibicc_parse.tea,48,2112,1908,2112,2284,736,804
compact-type,chibicc_parse.tea,49,2112,1908,2112,2224,736,792
compact-type,chibicc_parse.tea,50,2112,1908,2112,2344,736,792
compact-type,gzip.tea,1,2508,2496,576,580,832,988
compact-type,gzip.tea,2,2508,2436,576,580,832,984
compact-type,gzip.tea,3,2508,2496,576,580,832,972
compact-type,gzip.tea,4,2508,2496,576,580,832,972
compact-type,gzip.tea,5,2508,2496,576,580,832,984
compact-type,gzip.tea,6,2508,2436,576,580,832,972
compact-type,gzip.tea,7,2508,2496,576,580,832,1032
compact-type,gzip.tea,8,2508,2436,576,580,832,928
compact-type,gzip.tea,9,2508,2496,576,580,832,972
compact-type,gzip.tea,10,2508,2496,576,580,832,972
compact-type,gzip.tea,11,2508,2436,576,580,832,972
compact-type,gzip.tea,12,2508,2436,576,580,832,972
compact-type,gzip.tea,13,2508,2436,576,580,832,924
compact-type,gzip.tea,14,2508,2436,576,580,832,972
compact-type,gzip.tea,15,2508,2436,576,580,832,912
compact-type,gzip.tea,16,2508,2436,576,580,832,984
compact-type,gzip.tea,17,2508,2436,576,580,832,912
compact-type,gzip.tea,18,2508,2436,576,580,832,852
compact-type,gzip.tea,19,2508,2436,576,580,832,852
compact-type,gzip.tea,20,2508,2436,576,580,832,912
compact-type,gzip.tea,21,2508,2436,576,580,832,972
compact-type,gzip.tea,22,2508,2436,576,580,832,912
compact-type,gzip.tea,23,2508,2496,576,580,832,1032
compact-type,gzip.tea,24,2508,2376,576,580,832,972
compact-type,gzip.tea,25,2508,2376,576,580,832,984
compact-type,gzip.tea,26,2508,2436,576,580,832,972
compact-type,gzip.tea,27,2508,2436,576,580,832,972
compact-type,gzip.tea,28,2508,2436,576,580,832,912
compact-type,gzip.tea,29,2508,2436,576,580,832,852
compact-type,gzip.tea,30,2508,2436,576,580,832,972
compact-type,gzip.tea,31,2508,2436,576,580,832,912
compact-type,gzip.tea,32,2508,2436,576,580,832,852
compact-type,gzip.tea,33,2508,2436,576,580,832,928
compact-type,gzip.tea,34,2508,2436,576,580,832,912
compact-type,gzip.tea,35,2508,2436,576,580,832,912
compact-type,gzip.tea,36,2508,2436,576,580,832,852
compact-type,gzip.tea,37,2508,2376,576,580,832,972
compact-type,gzip.tea,38,2508,2436,576,580,832,972
compact-type,gzip.tea,39,2508,2496,576,580,832,1032
compact-type,gzip.tea,40,2508,2436,576,580,832,972
compact-type,gzip.tea,41,2508,2436,576,580,832,852
compact-type,gzip.tea,42,2508,2376,576,580,832,972
compact-type,gzip.tea,43,2508,2496,576,580,832,1040
compact-type,gzip.tea,44,2508,2436,576,580,832,852
compact-type,gzip.tea,45,2508,2436,576,580,832,912
compact-type,gzip.tea,46,2508,2436,576,580,832,912
compact-type,gzip.tea,47,2508,2436,576,580,832,852
compact-type,gzip.tea,48,2508,2496,576,580,832,1032
compact-type,gzip.tea,49,2508,2496,576,580,832,928
compact-type,gzip.tea,50,2508,2376,576,580,832,972
compact-type,zlib.tea,1,3696,3756,6208,6448,1608,1328
compact-type,zlib.tea,2,3696,3756,6208,6568,1608,1332
compact-type,zlib.tea,3,3696,3756,6208,6524,1608,1320
compact-type,zlib.tea,4,3696,3816,6208,6628,1608,1320
compact-type,zlib.tea,5,3696,3756,6208,6568,1608,1328
compact-type,zlib.tea,6,3696,3756,6208,6524,1608,1320
compact-type,zlib.tea,7,3696,3816,6208,6628,1608,1320
compact-type,zlib.tea,8,3696,3756,6208,6580,1608,1320
compact-type,zlib.tea,9,3696,3696,6208,6568,1608,1328
compact-type,zlib.tea,10,3696,3756,6208,6568,1608,1320
compact-type,zlib.tea,11,3696,3756,6208,6508,1608,1320
compact-type,zlib.tea,12,3696,3756,6208,6448,1608,1332
compact-type,zlib.tea,13,3696,3816,6208,6568,1608,1320
compact-type,zlib.tea,14,3696,3816,6208,6628,1608,1320
compact-type,zlib.tea,15,3696,3816,6208,6568,1608,1320
compact-type,zlib.tea,16,3696,3756,6208,6568,1608,1320
compact-type,zlib.tea,17,3696,3756,6208,6568,1608,1320
compact-type,zlib.tea,18,3696,3756,6208,6508,1608,1320
compact-type,zlib.tea,19,3696,3756,6208,6508,1608,1320
compact-type,zlib.tea,20,3696,3756,6208,6508,1608,1320
compact-type,zlib.tea,21,3696,3816,6208,6628,1608,1320
compact-type,zlib.tea,22,3696,3816,6208,6568,1608,1328
compact-type,zlib.tea,23,3696,3756,6208,6508,1608,1320
compact-type,zlib.tea,24,3696,3756,6208,6524,1608,1320
compact-type,zlib.tea,25,3696,3756,6208,6448,1608,1320
compact-type,zlib.tea,26,3696,3816,6208,6448,1608,1336
compact-type,zlib.tea,27,3696,3756,6208,6568,1608,1328
compact-type,zlib.tea,28,3696,3756,6208,6448,1608,1056
compact-type,zlib.tea,29,3696,3816,6208,6508,1608,1336
compact-type,zlib.tea,30,3696,3756,6208,6508,1608,1320
compact-type,zlib.tea,31,3696,3756,6208,6568,1608,1320
compact-type,zlib.tea,32,3696,3756,6208,6508,1608,1320
compact-type,zlib.tea,33,3696,3756,6208,6508,1608,1320
compact-type,zlib.tea,34,3696,3756,6208,6524,1608,1320
compact-type,zlib.tea,35,3696,3816,6208,6628,1608,1320
compact-type,zlib.tea,36,3696,3756,6208,6508,1608,1320
compact-type,zlib.tea,37,3696,3756,6208,6568,1608,1320
compact-type,zlib.tea,38,3696,3756,6208,6568,1608,1320
compact-type,zlib.tea,39,3696,3816,6208,6628,1608,1320
compact-type,zlib.tea,40,3696,3756,6208,6568,1608,1320
compact-type,zlib.tea,41,3696,3816,6208,6628,1608,1320
compact-type,zlib.tea,42,3696,3876,6208,6568,1608,1336
compact-type,zlib.tea,43,3696,3756,6208,6508,1608,1320
compact-type,zlib.tea,44,3696,3756,6208,6568,1608,1328
compact-type,zlib.tea,45,3696,3876,6208,6568,1608,1336
compact-type,zlib.tea,46,3696,3756,6208,6508,1608,1320
compact-type,zlib.tea,47,3696,3756,6208,6508,1608,1332
compact-type,zlib.tea,48,3696,3756,6208,6508,1608,1320
compact-type,zlib.tea,49,3696,3756,6208,6508,1608,1320
compact-type,zlib.tea,50,3696,3756,6208,6568,1608,1320
struct-of-arrays,chibicc_combined.tea,1,1624,1440,240,612,960,792
struct-of-arrays,chibicc_combined.tea,2,1624,1380,240,516,960,852
struct-of-arrays,chibicc_combined.tea,3,1624,1380,240,488,960,792
struct-of-arrays,chibicc_combined.tea,4,1624,1380,240,552,960,792
struct-of-arrays,chibicc_combined.tea,5,1624,1440,240,616,960,792
struct-of-arrays,chibicc_combined.tea,6,1624,1380,240,496,960,792
struct-of-arrays,chibicc_combined.tea,7,1624,1440,240,556,960,792
struct-of-arrays,chibicc_combined.tea,8,1624,1380,240,532,960,852
struct-of-arrays,chibicc_combined.tea,9,1624,1380,240,520,960,852
struct-of-arrays,chibicc_combined.tea,10,1624,1380,240,476,960,792
struct-of-arrays,chibicc_combined.tea,11,1624,1380,240,528,960,852
struct-of-arrays,chibicc_combined.tea,12,1624,1380,240,492,960,792
struct-of-arrays,chibicc_combined.tea,13,1624,1380,240,556,960,792
struct-of-arrays,chibicc_combined.tea,14,1624,1440,240,376,960,792
struct-of-arrays,chibicc_combined.tea,15,1624,1380,240,564,960,792
struct-of-arrays,chibicc_combined.tea,16,1624,1380,240,504,960,792
struct-of-arrays,chibicc_combined.tea,17,1624,1380,240,552,960,792
struct-of-arrays,chibicc_combined.tea,18,1624,1380,240,472,960,852
struct-of-arrays,chibicc_combined.tea,19,1624,1380,240,428,960,792
struct-of-arrays,chibicc_combined.tea,20,1624,1320,240,532,960,792
struct-of-arrays,chibicc_combined.tea,21,1624,1380,240,448,960,852
struct-of-arrays,chibicc_combined.tea,22,1624,1380,240,448,960,852
struct-of-arrays,chibicc_combined.tea,23,1624,1380,240,576,960,792
struct-of-arrays,chibicc_combined.tea,24,1624,1440,240,516,960,852
struct-of-arrays,chibicc_combined.tea,25,1624,1380,240,420,960,792
struct-of-arrays,chibicc_combined.tea,26,1624,1380,240,488,960,792
struct-of-arrays,chibicc_combined.tea,27,1624,1380,240,524,960,852
struct-of-arrays,chibicc_combined.tea,28,1624,1380,240,492,960,792
struct-of-arrays,chibicc_combined.tea,29,1624,1380,240,556,960,792
struct-of-arrays,chibicc_combined.tea,30,1624,1380,240,472,960,792
struct-of-arrays,chibicc_combined.tea,31,1624,1380,240,556,960,792
struct-of-arrays,chibicc_combined.tea,32,1624,1380,240,468,960,852
struct-of-arrays,chibicc_combined.tea,33,1624,1440,240,596,960,792
struct-of-arrays,chibicc_combined.tea,34,1624,1380,240,544,960,792
struct-of-arrays,chibicc_combined.tea,35,1624,1380,240,464,960,852
struct-of-arrays,chibicc_combined.tea,36,1624,1380,240,556,960,792
struct-of-arrays,chibicc_combined.tea,37,1624,1380,240,396,960,852
struct-of-arrays,chibicc_combined.tea,38,1624,1380,240,492,960,792
struct-of-arrays,chibicc_combined.tea,39,1624,1440,240,572,960,852
struct-of-arrays,chibicc_combined.tea,40,1624,1380,240,496,960,792
struct-of-arrays,chibicc_combined.tea,41,1624,1380,240,496,960,792
struct-of-arrays,chibicc_combined.tea,42,1624,1380,240,556,960,792
struct-of-arrays,chibicc_combined.tea,43,1624,1440,240,496,960,852
struct-of-arrays,chibicc_combined.tea,44,1624,1440,240,376,960,792
struct-of-arrays,chibicc_combined.tea,45,1624,1440,240,616,960,792
struct-of-arrays,chibicc_combined.tea,46,1624,1380,240,512,960,852
struct-of-arrays,chibicc_combined.tea,47,1624,1380,240,396,960,852
struct-of-arrays,chibicc_combined.tea,48,1624,1380,240,520,960,792
struct-of-arrays,chibicc_combined.tea,49,1624,1380,240,556,960,792
struct-of-arrays,chibicc_combined.tea,50,1624,1380,240,552,960,792
struct-of-arrays,chibicc_parse.tea,1,1164,852,0,0,620,800
struct-of-arrays,chibicc_parse.tea,2,1164,852,0,0,620,800
struct-of-arrays,chibicc_parse.tea,3,1164,852,0,0,620,816
struct-of-arrays,chibicc_parse.tea,4,1164,852,0,0,620,740
struct-of-arrays,chibicc_parse.tea,5,1164,852,0,0,620,820
struct-of-arrays,chibicc_parse.tea,6,1164,852,0,0,620,832
struct-of-arrays,chibicc_parse.tea,7,1164,852,0,0,620,760
struct-of-arrays,chibicc_parse.tea,8,1164,912,0,0,620,880
struct-of-arrays,chibicc_parse.tea,9,1164,912,0,0,620,896
struct-of-arrays,chibicc_parse.tea,10,1164,852,0,0,620,760
struct-of-arrays,chibicc_parse.tea,11,1164,852,0,0,620,792
struct-of-arrays,chibicc_parse.tea,12,1164,792,0,0,620,820
struct-of-arrays,chibicc_parse.tea,13,1164,852,0,0,620,760
struct-of-arrays,chibicc_parse.tea,14,1164,852,0,0,620,764
struct-of-arrays,chibicc_parse.tea,15,1164,852,0,0,620,812
struct-of-arrays,chibicc_parse.tea,16,1164,852,0,0,620,768
struct-of-arrays,chibicc_parse.tea,17,1164,852,0,0,620,684
struct-of-arrays,chibicc_parse.tea,18,1164,852,0,0,620,820
struct-of-arrays,chibicc_parse.tea,19,1164,852,0,0,620,736
struct-of-arrays,chibicc_parse.tea,20,1164,852,0,0,620,788
struct-of-arrays,chibicc_parse.tea,21,1164,852,0,0,620,808
struct-of-arrays,chibicc_parse.tea,22,1164,852,0,0,620,820
struct-of-arrays,chibicc_parse.tea,23,1164,852,0,0,620,844
struct-of-arrays,chibicc_parse.tea,24,1164,852,0,0,620,752
struct-of-arrays,chibicc_parse.tea,25,1164,852,0,0,620,748
struct-of-arrays,chibicc_parse.tea,26,1164,852,0,0,620,792
struct-of-arrays,chibicc_parse.tea,27,1164,852,0,0,620,720
struct-of-arrays,chibicc_parse.tea,28,1164,852,0,0,620,728
struct-of-arrays,chibicc_parse.tea,29,1164,852,0,0,620,856
struct-of-arrays,chibicc_parse.tea,30,1164,852,0,0,620,728
struct-of-arrays,chibicc_parse.tea,31,1164,852,0,0,620,752
struct-of-arrays,chibicc_parse.tea,32,1164,852,0,0,620,832
struct-of-arrays,chibicc_parse.tea,33,1164,852,0,0,620,700
struct-of-arrays,chibicc_parse.tea,34,1164,852,0,0,620,692
struct-of-arrays,chibicc_parse.tea,35,1164,852,0,0,620,760
struct-of-arrays,chibicc_parse.tea,36,1164,792,0,0,620,816
struct-of-arrays,chibicc_parse.tea,37,1164,852,0,0,620,820
struct-of-arrays,chibicc_parse.tea,38,1164,852,0,0,620,812
struct-of-arrays,chibicc_parse.tea,39,1164,792,0,0,620,800
struct-of-arrays,chibicc_parse.tea,40,1164,852,0,0,620,768
struct-of-arrays,chibicc_parse.tea,41,1164,852,0,0,620,812
struct-of-arrays,chibicc_parse.tea,42,1164,852,0,0,620,696
struct-of-arrays,chibicc_parse.tea,43,1164,792,0,0,620,820
struct-of-arrays,chibicc_parse.tea,44,1164,912,0,0,620,832
struct-of-arrays,chibicc_parse.tea,45,1164,852,0,0,620,688
struct-of-arrays,chibicc_parse.tea,46,1164,852,0,0,620,788
struct-of-arrays,chibicc_parse.tea,47,1164,852,0,0,620,800
struct-of-arrays,chibicc_parse.tea,48,1164,852,0,0,620,808
struct-of-arrays,chibicc_parse.tea,49,1164,852,0,0,620,728
struct-of-arrays,chibicc_parse.tea,50,1164,852,0,0,620,808
struct-of-arrays,gzip.tea,1,1288,1116,136,0,548,776
struct-of-arrays,gzip.tea,2,1288,1116,136,0,548,820
struct-of-arrays,gzip.tea,3,1288,1116,136,0,548,796
struct-of-arrays,gzip.tea,4,1288,1176,136,0,548,868
struct-of-arrays,gzip.tea,5,1288,1116,136,0,548,852
struct-of-arrays,gzip.tea,6,1288,1116,136,0,548,840
struct-of-arrays,gzip.tea,7,1288,1116,136,0,548,760
struct-of-arrays,gzip.tea,8,1288,1116,136,0,548,796
struct-of-arrays,gzip.tea,9,1288,1116,136,0,548,820
struct-of-arrays,gzip.tea,10,1288,1116,136,0,548,852
struct-of-arrays,gzip.tea,11,1288,1176,136,0,548,832
struct-of-arrays,gzip.tea,12,1288,1116,136,0,548,744
struct-of-arrays,gzip.tea,13,1288,1116,136,0,548,748
struct-of-arrays,gzip.tea,14,1288,1116,136,0,548,844
struct-of-arrays,gzip.tea,15,1288,1116,136,0,548,768
struct-of-arrays,gzip.tea,16,1288,1116,136,0,548,784
struct-of-arrays,gzip.tea,17,1288,1116,136,0,548,752
struct-of-arrays,gzip.tea,18,1288,1116,136,0,548,796
struct-of-arrays,gzip.tea,19,1288,1056,136,0,548,848
struct-of-arrays,gzip.tea,20,1288,1176,136,0,548,840
struct-of-arrays,gzip.tea,21,1288,1116,136,0,548,784
struct-of-arrays,gzip.tea,22,1288,1116,136,0,548,832
struct-of-arrays,gzip.tea,23,1288,1116,136,0,548,864
struct-of-arrays,gzip.tea,24,1288,1116,136,0,548,720
struct-of-arrays,gzip.tea,25,1288,1116,136,0,548,808
struct-of-arrays,gzip.tea,26,1288,1176,136,0,548,820
struct-of-arrays,gzip.tea,27,1288,1116,136,0,548,804
struct-of-arrays,gzip.tea,28,1288,1116,136,0,548,832
struct-of-arrays,gzip.tea,29,1288,1116,136,0,548,760
struct-of-arrays,gzip.tea,30,1288,1116,136,0,548,788
struct-of-arrays,gzip.tea,31,1288,1116,136,0,548,736
struct-of-arrays,gzip.tea,32,1288,1176,136,0,548,868
struct-of-arrays,gzip.tea,33,1288,1116,136,0,548,836
struct-of-arrays,gzip.tea,34,1288,1116,136,0,548,848
struct-of-arrays,gzip.tea,35,1288,1116,136,0,548,848
struct-of-arrays,gzip.tea,36,1288,1116,136,0,548,788
struct-of-arrays,gzip.tea,37,1288,1116,136,0,548,792
struct-of-arrays,gzip.tea,38,1288,1056,136,0,548,816
struct-of-arrays,gzip.tea,39,1288,1116,136,0,548,772
struct-of-arrays,gzip.tea,40,1288,1176,136,0,548,808
struct-of-arrays,gzip.tea,41,1288,1116,136,0,548,820
struct-of-arrays,gzip.tea,42,1288,1176,136,0,548,816
struct-of-arrays,gzip.tea,43,1288,1176,136,0,548,892
struct-of-arrays,gzip.tea,44,1288,1116,136,0,548,768
struct-of-arrays,gzip.tea,45,1288,1176,136,0,548,868
struct-of-arrays,gzip.tea,46,1288,1116,136,0,548,820
struct-of-arrays,gzip.tea,47,1288,1116,136,0,548,808
struct-of-arrays,gzip.tea,48,1288,1056,136,0,548,820
struct-of-arrays,gzip.tea,49,1288,1116,136,0,548,740
struct-of-arrays,gzip.tea,50,1288,1116,136,0,548,840
struct-of-arrays,zlib.tea,1,2216,1644,0,0,896,788
struct-of-arrays,zlib.tea,2,2216,1644,0,0,896,676
struct-of-arrays,zlib.tea,3,2216,1644,0,0,896,688
struct-of-arrays,zlib.tea,4,2216,1644,0,0,896,780
struct-of-arrays,zlib.tea,5,2216,1584,0,0,896,752
struct-of-arrays,zlib.tea,6,2216,1644,0,0,896,744
struct-of-arrays,zlib.tea,7,2216,1704,0,0,896,820
struct-of-arrays,zlib.tea,8,2216,1704,0,0,896,820
struct-of-arrays,zlib.tea,9,2216,1644,0,0,896,720
struct-of-arrays,zlib.tea,10,2216,1644,0,0,896,700
struct-of-arrays,zlib.tea,11,2216,1968,0,0,896,856
struct-of-arrays,zlib.tea,12,2216,1644,0,0,896,712
struct-of-arrays,zlib.tea,13,2216,1644,0,0,896,784
struct-of-arrays,zlib.tea,14,2216,1644,0,0,896,768
struct-of-arrays,zlib.tea,15,2216,1704,0,0,896,840
struct-of-arrays,zlib.tea,16,2216,1644,0,0,896,676
struct-of-arrays,zlib.tea,17,2216,1644,0,0,896,672
struct-of-arrays,zlib.tea,18,2216,1644,0,0,896,756
struct-of-arrays,zlib.tea,19,2216,1644,0,0,896,732
struct-of-arrays,zlib.tea,20,2216,1644,0,0,896,704
struct-of-arrays,zlib.tea,21,2216,1704,0,0,896,880
struct-of-arrays,zlib.tea,22,2216,1644,0,0,896,712
struct-of-arrays,zlib.tea,23,2216,1644,0,0,896,788
struct-of-arrays,zlib.tea,24,2216,1704,0,0,896,892
struct-of-arrays,zlib.tea,25,2216,1968,0,0,896,880
struct-of-arrays,zlib.tea,26,2216,1644,0,0,896,772
struct-of-arrays,zlib.tea,27,2216,1644,0,0,896,700
struct-of-arrays,zlib.tea,28,2216,1644,0,0,896,716
struct-of-arrays,zlib.tea,29,2216,1644,0,0,896,792
struct-of-arrays,zlib.tea,30,2216,1704,0,0,896,832
struct-of-arrays,zlib.tea,31,2216,1644,0,0,896,688
struct-of-arrays,zlib.tea,32,2216,1644,0,0,896,784
struct-of-arrays,zlib.tea,33,2216,1704,0,0,896,832
struct-of-arrays,zlib.tea,34,2216,1644,0,0,896,696
struct-of-arrays,zlib.tea,35,2216,1644,0,0,896,784
struct-of-arrays,zlib.tea,36,2216,1704,0,0,896,820
struct-of-arrays,zlib.tea,37,2216,1704,0,0,896,880
struct-of-arrays,zlib.tea,38,2216,1644,0,0,896,720
struct-of-arrays,zlib.tea,39,2216,1584,0,0,896,764
struct-of-arrays,zlib.tea,40,2216,1644,0,0,896,700
struct-of-arrays,zlib.tea,41,2216,1644,0,0,896,772
struct-of-arrays,zlib.tea,42,2216,1644,0,0,896,680
struct-of-arrays,zlib.tea,43,2216,1644,0,0,896,676
struct-of-arrays,zlib.tea,44,2216,1644,0,0,896,696
struct-of-arrays,zlib.tea,45,2216,1644,0,0,896,664
struct-of-arrays,zlib.tea,46,2216,1704,0,0,896,864
struct-of-arrays,zlib.tea,47,2216,1644,0,0,896,748
struct-of-arrays,zlib.tea,48,2216,1644,0,0,896,636
struct-of-arrays,zlib.tea,49,2216,1644,0,0,896,760
struct-of-arrays,zlib.tea,50,2216,1584,0,0,896,760